Label,elasticity_on_stretching
0,67.51270913284067
1,70.5420818063345
2,73.45337809609853
3,76.34930849260176
4,79.47849708832652
