label,solidity_on_stretching
0,1556.5232884462189
1,2019.5120654811585
2,2460.258212640714
3,2889.6530985862937
4,3374.8537310317765
